<?xml version="1.0" encoding="utf-8"?>
<list>
  <text id="1" textid="ScanToComp" note="Кнопка &quot;Сканировать в компьютер&quot;">
    <lan languageid="1">Scan to PC</lan>
    <lan languageid="7">Сканировать в компьютер</lan>
    <lan languageid="33">Numériser vers l'ordinateur</lan>
    <lan languageid="34">Escanear a computadora</lan>
    <lan languageid="49">Scan to PC</lan>
  </text>
  <text id="2" textid="ScanToFile" note="Кнопка &quot;Сканировать в файл&quot;">
    <lan languageid="1">Scan to file</lan>
    <lan languageid="7">Сканировать в файл</lan>
    <lan languageid="33">Numériser vers un fichier</lan>
    <lan languageid="34">Escanear a archivo</lan>
    <lan languageid="49">Scan to Datei</lan>
  </text>
  <text id="3" textid="ScanForms" note="Кнопка на главной форме">
    <lan languageid="1">Scan forms</lan>
    <lan languageid="7">Формы сканирования</lan>
    <lan languageid="33">Formes de numérisation</lan>
    <lan languageid="34">Formas de escaneo</lan>
    <lan languageid="49">Scan Forms</lan>
  </text>
  <text id="4" textid="BuyFullVersion" note="Кнопка &quot;Купить полную версию&quot;">
    <lan languageid="1">Buy full version</lan>
    <lan languageid="7">Купить полную версию</lan>
    <lan languageid="33">Acheter la version complète</lan>
    <lan languageid="34">Comprar la versión completa</lan>
    <lan languageid="49">Kaufen full Version</lan>
  </text>
  <text id="5" textid="Version" note="Информационная метка внизу главной формы">
    <lan languageid="1">Version</lan>
    <lan languageid="7">Версия</lan>
    <lan languageid="33">Version</lan>
    <lan languageid="34">Versión</lan>
    <lan languageid="49">Version</lan>
  </text>
  <text id="6" textid="QRScanCaption" note="Заголовок формы сканирования QR">
    <lan languageid="1">Scan QR from PC display</lan>
    <lan languageid="7">Сканируйте QR с экрана</lan>
    <lan languageid="33">Scannez le QR à partir de l'écran</lan>
    <lan languageid="34">Escanea QR desde la pantalla</lan>
    <lan languageid="49">Scan QR vom Bildschirm</lan>
  </text>
  <text id="7" textid="QRScanSubCaption" note="Надпись под заголовком формы сканирования QR">
    <lan languageid="1">or enter code manually</lan>
    <lan languageid="7">или введите код вручную</lan>
    <lan languageid="33">ou entrez le code manuellement</lan>
    <lan languageid="34">o introduzca el código manualmente</lan>
    <lan languageid="49">oder Code manuell eingeben</lan>
  </text>
  <text id="8" textid="QRScanPINCode" note="Надпись над полем ввода QR кода">
    <lan languageid="1">QR on PC display</lan>
    <lan languageid="7">Код на экране</lan>
    <lan languageid="33">QR sur L'écran du PC</lan>
    <lan languageid="34">QR en la pantalla de la PC</lan>
    <lan languageid="49">QR auf dem Bildschirm</lan>
  </text>
  <text id="9" textid="Connect" note="Кнопка &quot;Соединить&quot;">
    <lan languageid="1">Connect</lan>
    <lan languageid="7">Соединить</lan>
    <lan languageid="33">Relier</lan>
    <lan languageid="34">Conectar</lan>
    <lan languageid="49">Verbinden</lan>
  </text>
  <text id="10" textid="Help" note="Кнопка &quot;Помощь&quot;">
    <lan languageid="1">Help</lan>
    <lan languageid="7">Помощь</lan>
    <lan languageid="33">Aide</lan>
    <lan languageid="34">Ayuda</lan>
    <lan languageid="49">Hilfe</lan>
  </text>
  <text id="11" textid="Close" note="">
    <lan languageid="1">Close</lan>
    <lan languageid="7">Закрыть</lan>
    <lan languageid="33">Fermer</lan>
    <lan languageid="34">Cerrar</lan>
    <lan languageid="49">Schliessen</lan>
  </text>
  <text id="12" textid="ScanFormName" note="Подсказка в поле ввода названия формы сканирования">
    <lan languageid="1">Form name</lan>
    <lan languageid="7">Имя формы сканирования</lan>
    <lan languageid="33">Nom du formulaire d'analyse</lan>
    <lan languageid="34">Nombre del formulario de escaneo</lan>
    <lan languageid="49">Form Name</lan>
  </text>
  <text id="13" textid="Barcode" note="Название поля в рабочем окне и кнопка выбора типа поля в окне редактирования формы">
    <lan languageid="1">Barcode</lan>
    <lan languageid="7">Штрихкод</lan>
    <lan languageid="33">Code barres</lan>
    <lan languageid="34">Código de barras</lan>
    <lan languageid="49">Barcode</lan>
  </text>
  <text id="14" textid="Number" note="Название поля в рабочем окне и кнопка выбора типа поля в окне редактирования формы">
    <lan languageid="1">Number</lan>
    <lan languageid="7">Число</lan>
    <lan languageid="33">Nombre</lan>
    <lan languageid="34">Número</lan>
    <lan languageid="49">Zahl</lan>
  </text>
  <text id="15" textid="DecimalNumber" note="Название поля в рабочем окне и кнопка выбора типа поля в окне редактирования формы">
    <lan languageid="1">Decimal number</lan>
    <lan languageid="7">Дробное число</lan>
    <lan languageid="33">Nombre fractionnaire</lan>
    <lan languageid="34">Número fraccionario</lan>
    <lan languageid="49">Zahl mit Komma</lan>
  </text>
  <text id="16" textid="Text" note="Название поля в рабочем окне и кнопка выбора типа поля в окне редактирования формы">
    <lan languageid="1">Text</lan>
    <lan languageid="7">Текст</lan>
    <lan languageid="33">Texte</lan>
    <lan languageid="34">Texto</lan>
    <lan languageid="49">Text</lan>
  </text>
  <text id="17" textid="StaticText" note="Название поля в рабочем окне и кнопка выбора типа поля в окне редактирования формы">
    <lan languageid="1">Static text</lan>
    <lan languageid="7">Статический текст</lan>
    <lan languageid="33">Texte statique</lan>
    <lan languageid="34">Texto estático</lan>
    <lan languageid="49">Static text</lan>
  </text>
  <text id="18" textid="CheckMark" note="Название поля в рабочем окне и кнопка выбора типа поля в окне редактирования формы">
    <lan languageid="1">Check mark</lan>
    <lan languageid="7">Флажок</lan>
    <lan languageid="33">Fanion</lan>
    <lan languageid="34">Bandera</lan>
    <lan languageid="49">Hake</lan>
  </text>
  <text id="19" textid="Time" note="Название поля в рабочем окне и кнопка выбора типа поля в окне редактирования формы">
    <lan languageid="1">Time</lan>
    <lan languageid="7">Время</lan>
    <lan languageid="33">Temps</lan>
    <lan languageid="34">Tiempo</lan>
    <lan languageid="49">Zeit</lan>
  </text>
  <text id="20" textid="Date" note="Кнопка выбора типа поля">
    <lan languageid="1">Date</lan>
    <lan languageid="7">Дата</lan>
    <lan languageid="33">Date</lan>
    <lan languageid="34">Fecha</lan>
    <lan languageid="49">Datum</lan>
  </text>
  <text id="21" textid="fEditForm_eFieldCaption" note="Подсказка в поле ввода имени поля формы сканирования">
    <lan languageid="1">Field name</lan>
    <lan languageid="7">Имя поля ввода</lan>
    <lan languageid="33">Nom du champ de saisie</lan>
    <lan languageid="34">Nombre del campo de entrada</lan>
    <lan languageid="49">Name des Felds</lan>
  </text>
  <text id="22" textid="Up" note="Контекстное меню поля формы в окне редактирования формы">
    <lan languageid="1">Up</lan>
    <lan languageid="7">Выше</lan>
    <lan languageid="33">Plus haut</lan>
    <lan languageid="34">Superior</lan>
    <lan languageid="49">Hohe</lan>
  </text>
  <text id="23" textid="Down" note="Контекстное меню поля формы в окне редактирования формы">
    <lan languageid="1">Down</lan>
    <lan languageid="7">Ниже</lan>
    <lan languageid="33">Plus bas</lan>
    <lan languageid="34">Bajo</lan>
    <lan languageid="49">Unten</lan>
  </text>
  <text id="24" textid="Configure" note="Контекстное меню поля формы в окне редактирования формы">
    <lan languageid="1">Configure</lan>
    <lan languageid="7">Настроить</lan>
    <lan languageid="33">Configurer</lan>
    <lan languageid="34">Ajustar</lan>
    <lan languageid="49">Einstellungen</lan>
  </text>
  <text id="25" textid="Delete" note="Контекстное меню поля формы в окне редактирования формы">
    <lan languageid="1">Delete</lan>
    <lan languageid="7">Удалить</lan>
    <lan languageid="33">Supprimer</lan>
    <lan languageid="34">Eliminar</lan>
    <lan languageid="49">Entfernen</lan>
  </text>
  <text id="26" textid="DefaultValue" note="Панели значений для числа, текста, флажка в окне редактирования формы">
    <lan languageid="1">Default value</lan>
    <lan languageid="7">Значение по умолчанию</lan>
    <lan languageid="33">Valeur par défaut</lan>
    <lan languageid="34">Valor predeterminado</lan>
    <lan languageid="49">Default Wert</lan>
  </text>
  <text id="27" textid="MinimalValue" note="Панель значений для числа в окне редактирования формы">
    <lan languageid="1">Min value</lan>
    <lan languageid="7">Минимальное значение</lan>
    <lan languageid="33">Valeur minimale</lan>
    <lan languageid="34">Valor mínimo</lan>
    <lan languageid="49">Min Wert</lan>
  </text>
  <text id="28" textid="MaximalValue" note="Панель значений для числа в окне редактирования формы">
    <lan languageid="1">Max value</lan>
    <lan languageid="7">Максимальное значение</lan>
    <lan languageid="33">Valeur maximale</lan>
    <lan languageid="34">Valor máximo</lan>
    <lan languageid="49">Max Wert</lan>
  </text>
  <text id="29" textid="Save" note="Кнопка &quot;Сохранить&quot; на панелях значений для числа, для текста, для флажка, в самом окне редактирования формы, в окне сохранения данных в файл">
    <lan languageid="1">Save</lan>
    <lan languageid="7">Сохранить</lan>
    <lan languageid="33">Enregistrer</lan>
    <lan languageid="34">Guardar</lan>
    <lan languageid="49">Speichern</lan>
  </text>
  <text id="30" textid="Cancel" note="Кнопка &quot;Отмена&quot; для панелей значений для числа, для текста, для флажка, в коне сохранения данных, в окне настроек">
    <lan languageid="1">Cancel</lan>
    <lan languageid="7">Отмена</lan>
    <lan languageid="33">Annulation</lan>
    <lan languageid="34">Cancelación</lan>
    <lan languageid="49">Abbruch</lan>
  </text>
  <text id="31" textid="FormImport" note="Заголовок окна импорта формы">
    <lan languageid="1">Form import</lan>
    <lan languageid="7">Импорт формы</lan>
    <lan languageid="33">Importer un formulaire</lan>
    <lan languageid="34">Importación de formularios</lan>
    <lan languageid="49">Form import</lan>
  </text>
  <text id="32" textid="SaveToFile" note="Заголовок окна сохранения данных">
    <lan languageid="1">Save to file</lan>
    <lan languageid="7">Сохранить в файл</lan>
    <lan languageid="33">Enregistrer dans un fichier</lan>
    <lan languageid="34">Guardar en archivo</lan>
    <lan languageid="49">In Detei speichern</lan>
  </text>
  <text id="33" textid="InDocumentsFolder" note="Надпись под заголовком окна сохранения данных">
    <lan languageid="1">In Documents folder</lan>
    <lan languageid="7">В каталог Documents</lan>
    <lan languageid="33">Dans le répertoire Documents</lan>
    <lan languageid="34">En el directorio Documents</lan>
    <lan languageid="49">In Documents Ordner</lan>
  </text>
  <text id="34" textid="FileName" note="Название поля для указания имени сохраняемого файла">
    <lan languageid="1">Filename</lan>
    <lan languageid="7">Наименование файла</lan>
    <lan languageid="33">Nom du fichier</lan>
    <lan languageid="34">Nombre del archivo</lan>
    <lan languageid="49">Datei Name</lan>
  </text>
  <text id="35" textid="SaveAndShare" note="Кнопка &quot;Сохранить и поделиться&quot;">
    <lan languageid="1">Save and share</lan>
    <lan languageid="7">Сохранить и поделиться</lan>
    <lan languageid="33">Enregistrer et partager</lan>
    <lan languageid="34">Guardar y compartir</lan>
    <lan languageid="49">Speichern und teilen</lan>
  </text>
  <text id="36" textid="ScanBarcode" note="Заголовок окна сканирования штрихкода">
    <lan languageid="1">Scan barcode</lan>
    <lan languageid="7">Сканируйте штрихкод</lan>
    <lan languageid="33">Scannez le code-barres</lan>
    <lan languageid="34">Escanee el código de barras</lan>
    <lan languageid="49">Scan barcode</lan>
  </text>
  <text id="37" textid="Settings" note="Заголовок окна настроек программы">
    <lan languageid="1">Settings</lan>
    <lan languageid="7">Настройки</lan>
    <lan languageid="33">Réglages</lan>
    <lan languageid="34">Ajustes</lan>
    <lan languageid="49">Einstellungen</lan>
  </text>
  <text id="38" textid="InterfaceLanguage" note="Название поля выбора языка интерфейса">
    <lan languageid="1">Interface language</lan>
    <lan languageid="7">Язык интерфейса</lan>
    <lan languageid="33">Langue de l'interface</lan>
    <lan languageid="34">Idioma de la interfaz</lan>
    <lan languageid="49">Interface Sprache</lan>
  </text>
  <text id="39" textid="Apply" note="Кнопка &quot;Применить&quot;">
    <lan languageid="1">Apply</lan>
    <lan languageid="7">Применить</lan>
    <lan languageid="33">Appliquer</lan>
    <lan languageid="34">Aplicar</lan>
    <lan languageid="49">Anwenden</lan>
  </text>
  <text id="40" textid="Send" note="Кнопка &quot;Отправить&quot;">
    <lan languageid="1">Send</lan>
    <lan languageid="7">Отправить</lan>
    <lan languageid="33">Envoyer</lan>
    <lan languageid="34">Enviar</lan>
    <lan languageid="49">Schicken</lan>
  </text>
  <text id="41" textid="DlgErrorFormatDataFromServerAnswer" note="Диалог в модуле uDM">
    <lan languageid="1">Data format error response from the server.</lan>
    <lan languageid="7">Ошибка формата данных ответа сервера.</lan>
    <lan languageid="33">Erreur de format de données de réponse du serveur.</lan>
    <lan languageid="34">Error en el formato de datos de respuesta del servidor.</lan>
    <lan languageid="49">Data format error response from the server.</lan>
  </text>
  <text id="42" textid="DlgContactSupportService" note="Диалог в модуле uDM">
    <lan languageid="1">Contact the support service.</lan>
    <lan languageid="7">Обратитесь в службу поддержки.</lan>
    <lan languageid="33">Contactez le support technique.</lan>
    <lan languageid="34">Póngase en contacto con el Servicio al cliente.</lan>
    <lan languageid="49">Contact the support service.</lan>
  </text>
  <text id="43" textid="DlgErrorAccessServer" note="Диалог в модуле uDM">
    <lan languageid="1">Error accessing the server.</lan>
    <lan languageid="7">Ошибка доступа к серверу.</lan>
    <lan languageid="33">Erreur d'accès au serveur.</lan>
    <lan languageid="34">Error de acceso al servidor.</lan>
    <lan languageid="49">Error accessing the server.</lan>
  </text>
  <text id="44" textid="DlgCheckInternetConnect" note="Диалог в модуле ufMain">
    <lan languageid="1">Check your Internet connection.</lan>
    <lan languageid="7">Проверьте ваше соединение с интернетом.</lan>
    <lan languageid="33">Vérifiez votre connexion Internet.</lan>
    <lan languageid="34">Compruebe su conexión a Internet.</lan>
    <lan languageid="49">Bitte pruefen Ihre Internet Anbindung.</lan>
  </text>
  <text id="45" textid="DlgNotRightExternalStorage" note="Диалог в модуле ufMain">
    <lan languageid="1">The right to work with external storage is not granted.</lan>
    <lan languageid="7">Право на работу с внешним хранилищем не предоставлено.</lan>
    <lan languageid="33">Aucun droit de stockage externe n'est accordé.</lan>
    <lan languageid="34">No se ha otorgado el derecho a trabajar con almacenamiento externo.</lan>
    <lan languageid="49">The right to work with external storage is not granted.</lan>
  </text>
  <text id="46" textid="DlgExitConfim" note="Диалог в модуле ufMain">
    <lan languageid="1">Press "Back" again to exit the application.</lan>
    <lan languageid="7">Чтобы выйти из проиложения нажмите "Назад" еще раз.</lan>
    <lan languageid="33">Pour quitter proilozhenie, appuyez à nouveau sur" Retour".</lan>
    <lan languageid="34">Para salir de la ilustración, haga clic en" Atrás " de nuevo.</lan>
    <lan languageid="49">Druecken Sie "Zurueck" erneut um die Anwendung schliessen.</lan>
  </text>
  <text id="47" textid="DlgNotRightCamera" note="Диалог в модуле ufMain">
    <lan languageid="1">Access to the camera is not granted.</lan>
    <lan languageid="7">Доступ к камере не предоставлен.</lan>
    <lan languageid="33">L'accès à la caméra n'est pas autorisé.</lan>
    <lan languageid="34">No se ha concedido acceso a la cámara.</lan>
    <lan languageid="49">Der Zugriff auf die Kamera wurde nicht gewährt.</lan>
  </text>
  <text id="48" textid="DlgNotEditStandartForms" note="Диалог в модуле ufForms">
    <lan languageid="1">Editing standard forms is prohibited.</lan>
    <lan languageid="7">Редактирование стандартных форм запрещено.</lan>
    <lan languageid="33">La modification des formulaires standard n'est pas autorisée.</lan>
    <lan languageid="34">La edición de formularios estándar está prohibida.</lan>
    <lan languageid="49">Das Bearbeiten von standardformularen ist nicht gestattet.</lan>
  </text>
  <text id="49" textid="DlgFillField" note="Диалог в модуле ufWorkingForm">
    <lan languageid="1">Fill in the field</lan>
    <lan languageid="7">Заполните поле</lan>
    <lan languageid="33">Remplissez le champ</lan>
    <lan languageid="34">Rellene el campo</lan>
    <lan languageid="49">Feld einfuellen</lan>
  </text>
  <text id="50" textid="DlgItFieldMandatory" note="Диалог в модуле ufWorkingForm">
    <lan languageid="1">It is mandatory to fill in.</lan>
    <lan languageid="7">Оно обязательное для заполнения.</lan>
    <lan languageid="33">Il est obligatoire à remplir.</lan>
    <lan languageid="34">Es obligatorio.</lan>
    <lan languageid="49">Das ist Pflichtfeld.</lan>
  </text>
  <text id="51" textid="fWorkingForm_bRemember" note="Диалог в модуле ufWorkingForm">
    <lan languageid="1">Remember</lan>
    <lan languageid="7">Запомнить</lan>
    <lan languageid="33">Mémoriser</lan>
    <lan languageid="34">Memorizar</lan>
    <lan languageid="49">Bemerken</lan>
  </text>
  <text id="52" textid="DlgNotSelectScanForm" note="Диалог в модуле ufWorkingForm">
    <lan languageid="1">No scan form selected</lan>
    <lan languageid="7">Не выбрана форма сканирования</lan>
    <lan languageid="33">Aucun formulaire de numérisation sélectionné</lan>
    <lan languageid="34">No se ha seleccionado el formulario de exploración</lan>
    <lan languageid="49">Kein Scan-Form ausgehaehlt</lan>
  </text>
  <text id="53" textid="DlgExitConfirmWithoutSaveData" note="Диалог в модуле ufWorkingForm">
    <lan languageid="1">There are no saved data, to exit without saving them, click "Back" again.</lan>
    <lan languageid="7">Есть не сохраненные данные, чтобы выйти не сохраняя их нажмите "Назад" еще раз.</lan>
    <lan languageid="33">Il n'y a pas de données enregistrées pour quitter sans les enregistrer appuyez sur "Retour" à nouveau.</lan>
    <lan languageid="34">No hay datos guardados para salir sin guardarlos haga clic en" Atrás " de nuevo.</lan>
    <lan languageid="49">There are no saved data, to exit without saving them, click "Back" again.</lan>
  </text>
  <text id="54" textid="SavingToFile" note="Надпись под заголовком рабочего окна при сохранении в файл">
    <lan languageid="1">File saving</lan>
    <lan languageid="7">Сохранение в файл</lan>
    <lan languageid="33">Enregistrer dans un fichier</lan>
    <lan languageid="34">Guardar en un archivo</lan>
    <lan languageid="49">Datei speichern</lan>
  </text>
  <text id="55" textid="Complete" note="Кнопка &quot;Завершить&quot;">
    <lan languageid="1">Done</lan>
    <lan languageid="7">Завершить</lan>
    <lan languageid="33">Terminer</lan>
    <lan languageid="34">Finalizar</lan>
    <lan languageid="49">Beenden</lan>
  </text>
  <text id="56" textid="DlgNotSelectFile" note="Диалог в модуле ufImportForm">
    <lan languageid="1">You didn't select a file.</lan>
    <lan languageid="7">Вы не выбрали файл.</lan>
    <lan languageid="33">Vous n'avez pas sélectionné de fichier.</lan>
    <lan languageid="34">No ha seleccionado el archivo.</lan>
    <lan languageid="49">Sie haben die Datei nicht ausgewaehlt.</lan>
  </text>
  <text id="57" textid="DlgNotFormInFile" note="Диалог в модуле ufImportForm">
    <lan languageid="1">This file does not contain a form for this application.</lan>
    <lan languageid="7">Этот файл не содержит форму для этого приложения.</lan>
    <lan languageid="33">Ce fichier ne contient pas de formulaire pour cette application.</lan>
    <lan languageid="34">Este archivo no contiene un formulario para esta aplicación.</lan>
    <lan languageid="49">This file does not contain a form for this application.</lan>
  </text>
  <text id="58" textid="DlgBadFileFormat" note="Диалог в модуле ufImportForm">
    <lan languageid="1">Invalid file format.</lan>
    <lan languageid="7">Неверный формат файла.</lan>
    <lan languageid="33">Format de fichier incorrect.</lan>
    <lan languageid="34">Formato de archivo incorrecto.</lan>
    <lan languageid="49">Invalid file format.</lan>
  </text>
  <text id="59" textid="DlgErrorEnteringBadData" note="Диалог в модуле ufEditForm">
    <lan languageid="1">ERROR: Entered not the correct data!</lan>
    <lan languageid="7">ОШИБКА: Введены не корректные данные!</lan>
    <lan languageid="33">ERREUR: les données Saisies ne sont pas correctes!</lan>
    <lan languageid="34">ERROR: ¡los datos no son correctos!</lan>
    <lan languageid="49">ERROR: Entered not the correct data!</lan>
  </text>
  <text id="60" textid="NameForSavingFileUserForm" note="Диалог в модуле ufEditForm">
    <lan languageid="1">User form</lan>
    <lan languageid="7">Пользовательская форма</lan>
    <lan languageid="33">Formulaire personnalisé</lan>
    <lan languageid="34">Formulario personalizado</lan>
    <lan languageid="49">User form</lan>
  </text>
  <text id="61" textid="DlgNeedEnterFormName" note="Диалог в модуле ufEditForm">
    <lan languageid="1">Enter form name</lan>
    <lan languageid="7">Введите название формы</lan>
    <lan languageid="33">Entrez le nom du formulaire</lan>
    <lan languageid="34">Introduzca el nombre del formulario</lan>
    <lan languageid="49">Geben Sie Name des Forms</lan>
  </text>
  <text id="62" textid="BarcodeNumber" note="Наименование стандартной формы">
    <lan languageid="1">Barcode, number</lan>
    <lan languageid="7">Штрихкод, число</lan>
    <lan languageid="33">Code barres, nombre</lan>
    <lan languageid="34">Código de barras, número</lan>
    <lan languageid="49">Barcode, Zahl</lan>
  </text>
  <text id="63" textid="BarcodeText" note="Наименование стандартной формы">
    <lan languageid="1">Barcode, text</lan>
    <lan languageid="7">Штрихкод, текст</lan>
    <lan languageid="33">Code barres, texte</lan>
    <lan languageid="34">Código de barras, texto</lan>
    <lan languageid="49">Barcode, Text</lan>
  </text>
  <text id="64" textid="BarcodeTextNumber" note="Наименование стандартной формы">
    <lan languageid="1">Barcode, text, number</lan>
    <lan languageid="7">Штрихкод, текст, число</lan>
    <lan languageid="33">Code barres, texte, nombre</lan>
    <lan languageid="34">Código de barras, texto, número</lan>
    <lan languageid="49">Barcode, Text, Zahl</lan>
  </text>
  <text id="65" textid="TwoBarcode" note="Наименование стандартной формы">
    <lan languageid="1">Two barcodes</lan>
    <lan languageid="7">Два штрихкода</lan>
    <lan languageid="33">Deux codes à barres</lan>
    <lan languageid="34">Dos códigos de barras</lan>
    <lan languageid="49">Zwei Barcodes</lan>
  </text>
  <text id="66" textid="Scan" note="Кнопка &quot;Скан&quot; поля &quot;Штрихкод&quot;">
    <lan languageid="1">Scan</lan>
    <lan languageid="7">Скан</lan>
    <lan languageid="33">Scan</lan>
    <lan languageid="34">Scan</lan>
    <lan languageid="49">Scan</lan>
  </text>
  <text id="67" textid="PCApp" note="Кнопка &quot;Клиент для ПК&quot;">
    <lan languageid="1">PC App</lan>
    <lan languageid="7">Клиент для ПК</lan>
    <lan languageid="33">Client pour PC</lan>
    <lan languageid="34">Cliente de PC</lan>
    <lan languageid="49">PC App</lan>
  </text>
  <text id="68" textid="ClearSettings" note="Кнопка &quot;Сбросить настройки&quot;">
    <lan languageid="1">Reset settings</lan>
    <lan languageid="7">Сбросить настройки</lan>
    <lan languageid="33">Réinitialiser les paramètres</lan>
    <lan languageid="34">Restablecer configuración</lan>
    <lan languageid="49">Einstellungen zuruecksetzen</lan>
  </text>
  <text id="69" textid="DlgDownLoadPCApp" note="Текст в окне получения ссылки на клиент для ПК">
    <lan languageid="1">To scan direct to PC, please download and start the PC App BarcodeToPCScannerClient on your PC</lan>
    <lan languageid="7">Для сканирования смартфоном сразу в Ваш компьютер, скачайте и запустите на компьютере программу BarcodeToPCScannerClient</lan>
    <lan languageid="33">Pour scanner votre Smartphone directement sur votre ordinateur, téléchargez et exécutez le programme BarcodeToPCScannerClient sur Votre ordinateur</lan>
    <lan languageid="34">Para escanear el Teléfono inteligente inmediatamente en Su computadora, descargue y ejecute el programa BarcodeToPCScannerClient en su computadora</lan>
    <lan languageid="49">Wenn Sie Ihren Barcode und QR direkt nach PC schicken moechten, dann herunterladen und starten Sie bitte BarcodeToPCScannerClient auf Ihrem Rechner</lan>
  </text>
  <text id="70" textid="DlgPCAppLink" note="Надпись над кнопками копирования ссылки на клиент для ПК">
    <lan languageid="1">PC application link</lan>
    <lan languageid="7">Ссылка на программу для компьютера</lan>
    <lan languageid="33">Lien vers un programme informatique</lan>
    <lan languageid="34">Enlace al programa para el ordenador</lan>
    <lan languageid="49">PC App link</lan>
  </text>
  <text id="71" textid="Copy" note="Кнопка &quot;Копировать&quot;">
    <lan languageid="1">Copy</lan>
    <lan languageid="7">Копировать</lan>
    <lan languageid="33">Copie</lan>
    <lan languageid="34">Copiar</lan>
    <lan languageid="49">Kopieren</lan>
  </text>
  <text id="72" textid="Share" note="Кнопка &quot;Поделиться&quot;">
    <lan languageid="1">Share</lan>
    <lan languageid="7">Поделиться</lan>
    <lan languageid="33">Part</lan>
    <lan languageid="34">Compartir</lan>
    <lan languageid="49">Teilen</lan>
  </text>
  <text id="73" textid="DlgNotFoundSettingsFiles" note="Сообщение при очистке настроек">
    <lan languageid="1">Not found settings files</lan>
    <lan languageid="7">Файлы настроек не найдены</lan>
    <lan languageid="33">Fichiers de paramètres non trouvés</lan>
    <lan languageid="34">Archivos de configuración no encontrados</lan>
    <lan languageid="49">Einstellungen-Datei wurde nicht gefunden.</lan>
  </text>
  <text id="74" textid="DlgSettingsFilesDeleted" note="Сообщение при очистке настроек">
    <lan languageid="1">File(s) %s was deleted! Restart application, please.</lan>
    <lan languageid="7">Файл(ы) %s удален(ы)! Перезапустить программу.</lan>
    <lan languageid="33">Fichier(s) %s a été supprimé! Redémarrez l'application, s'il vous plait.</lan>
    <lan languageid="34">Se eliminaron los archivos %s! Reinicie la aplicación, por favor.</lan>
    <lan languageid="49">Datei(s) %s wurde geloescht! Bitte, starten Sie die Anwendung erneu.</lan>
  </text>
  <text id="75" textid="DlgNoRightToExternalStorage" note="Диалог в модуле uDM">
    <lan languageid="1">Right to external storage not granted.</lan>
    <lan languageid="7">Право на работу с внешним хранилищем не предоставлено</lan>
    <lan languageid="33">Droit de stockage externe non accordé.</lan>
    <lan languageid="34">Derecho de almacenamiento externo no concedido.</lan>
    <lan languageid="49">Right to external storage not granted.</lan>
  </text>
  <text id="76" textid="DlgCopyToClipboard" note="Диалог в окне получения ссылки на клиент для ПК">
    <lan languageid="1">Copyed to clipboard</lan>
    <lan languageid="7">Скопировано в буфер обмена</lan>
    <lan languageid="33">Copyed dans le presse-papiers</lan>
    <lan languageid="34">Copiado al portapapeles</lan>
    <lan languageid="49">In die Zwischenablage kopiert</lan>
  </text>
  <text id="77" textid="DlgNoSupportClipboard" note="Диалог в окне получения ссылки на клиент для ПК">
    <lan languageid="1">The platform of your device does not support working with the clipboard.</lan>
    <lan languageid="7">Платформа вашего устройства не поддерживает работу с буфером обмена.</lan>
    <lan languageid="33">La plate-forme de votre appareil ne prend pas en charge le travail avec le presse-papiers.</lan>
    <lan languageid="34">La plataforma de su dispositivo no admite trabajar con el portapapeles.</lan>
    <lan languageid="49">The platform of your device does not support working with the clipboard.</lan>
  </text>
  <text id="78" textid="ClientCaption" note="Заголовок окна клиентского приложения BarcodeToPCScanner.">
    <lan languageid="1">Barcode to PC Scanner. Client v.%s (%s)</lan>
    <lan languageid="7">Barcode to PC Scanner. Клиент v.%s (%s)</lan>
    <lan languageid="33">Code à barres au Scanner de PC. Client v.%s (%s)</lan>
    <lan languageid="34">Código de barras al escáner de PC. Cliente v.%s (%s)</lan>
    <lan languageid="49">Barcode to PC Scanner. Client v.%s (%s)</lan>
  </text>
  <text id="79" textid="GetNewPin" note="">
    <lan languageid="1">Get new PIN</lan>
    <lan languageid="7">Получить новый PIN</lan>
    <lan languageid="33">Obtenir une nouvelle épingle</lan>
    <lan languageid="34">Obtener nuevo PIN</lan>
    <lan languageid="49">Neue PIN bekommen</lan>
  </text>
  <text id="80" textid="AboutApp" note="">
    <lan languageid="1">About</lan>
    <lan languageid="7">О программе</lan>
    <lan languageid="33">Au sujet</lan>
    <lan languageid="34">Sobre</lan>
    <lan languageid="49">Ueber</lan>
  </text>
  <text id="81" textid="CloseApp" note="">
    <lan languageid="1">Close application</lan>
    <lan languageid="7">Закрыть приложение</lan>
    <lan languageid="33">Fermer l'application</lan>
    <lan languageid="34">Cerrar aplicación</lan>
    <lan languageid="49">App schliessen</lan>
  </text>
  <text id="82" textid="Hide" note="">
    <lan languageid="1">Hide</lan>
    <lan languageid="7">Скрыть</lan>
    <lan languageid="33">Cacher</lan>
    <lan languageid="34">Ocultar</lan>
    <lan languageid="49">Ausblenden</lan>
  </text>
  <text id="83" textid="Show" note="">
    <lan languageid="1">Show</lan>
    <lan languageid="7">Показать</lan>
    <lan languageid="33">Montrer</lan>
    <lan languageid="34">Mostrar</lan>
    <lan languageid="49">Einblenden</lan>
  </text>
  <text id="84" textid="Detailed" note="">
    <lan languageid="1">More</lan>
    <lan languageid="7">Подробнее</lan>
    <lan languageid="33">Plus</lan>
    <lan languageid="34">Mas</lan>
    <lan languageid="49">Mehr dazu</lan>
  </text>
  <text id="85" textid="AndroidVersion" note="">
    <lan languageid="1">Android App</lan>
    <lan languageid="7">Версия для Андроида</lan>
    <lan languageid="33">Android App</lan>
    <lan languageid="34">Aplicación Android</lan>
    <lan languageid="49">Android App</lan>
  </text>
  <text id="86" textid="English" note="">
    <lan languageid="1">English</lan>
    <lan languageid="7">English</lan>
    <lan languageid="33">English</lan>
    <lan languageid="34">English</lan>
    <lan languageid="49">English</lan>
  </text>
  <text id="87" textid="German" note="">
    <lan languageid="1">Deutsch</lan>
    <lan languageid="7">Deutsch</lan>
    <lan languageid="33">Deutsch</lan>
    <lan languageid="34">Deutsch</lan>
    <lan languageid="49">Deutsch</lan>
  </text>
  <text id="88" textid="Russian" note="">
    <lan languageid="1">Русский</lan>
    <lan languageid="7">Русский</lan>
    <lan languageid="33">Русский</lan>
    <lan languageid="34">Русский</lan>
    <lan languageid="49">Русский</lan>
  </text>
  <text id="89" textid="French" note="">
    <lan languageid="1">Français</lan>
    <lan languageid="7">Français</lan>
    <lan languageid="33">Français</lan>
    <lan languageid="34">Français</lan>
    <lan languageid="49">Français</lan>
  </text>
  <text id="90" textid="Spanish" note="">
    <lan languageid="1">Español</lan>
    <lan languageid="7">Español</lan>
    <lan languageid="33">Español</lan>
    <lan languageid="34">Español</lan>
    <lan languageid="49">Español</lan>
  </text>
  <text id="91" textid="Confirmation" note="">
    <lan languageid="1">Confirmation</lan>
    <lan languageid="7">Подтверждение</lan>
    <lan languageid="33">Confirmation</lan>
    <lan languageid="34">Confirmación</lan>
    <lan languageid="49">Bestaetigung</lan>
  </text>
  <text id="92" textid="Product" note="">
    <lan languageid="1">Product</lan>
    <lan languageid="7">Продукт</lan>
    <lan languageid="33">Produit</lan>
    <lan languageid="34">Producto</lan>
    <lan languageid="49">Product</lan>
  </text>
  <text id="93" textid="Version" note="">
    <lan languageid="1">Version</lan>
    <lan languageid="7">Версия</lan>
    <lan languageid="33">Version</lan>
    <lan languageid="34">Versión</lan>
    <lan languageid="49">Version</lan>
  </text>
  <text id="94" textid="AllRightsReserved" note="">
    <lan languageid="1">All rights reserved</lan>
    <lan languageid="7">Все права принадлежат</lan>
    <lan languageid="33">Tous droits réservés</lan>
    <lan languageid="34">Todos los derechos reservados</lan>
    <lan languageid="49">All rights reserved</lan>
  </text>
  <text id="95" textid="DlgConfirmCloseApplication" note="">
    <lan languageid="1">Are you sure you want to close the application?</lan>
    <lan languageid="7">Вы уверены, что хотите закрыть приложение?</lan>
    <lan languageid="33">Êtes-vous sûr de vouloir fermer l'application?</lan>
    <lan languageid="34">Está seguro de que desea cerrar la aplicación?</lan>
    <lan languageid="49">Are you sure you want to close the application?</lan>
  </text>
  <text id="96" textid="Attention" note="">
    <lan languageid="1">ATTENTION</lan>
    <lan languageid="7">ВНИМАНИЕ</lan>
    <lan languageid="33">ATTENTION</lan>
    <lan languageid="34">ATENCIÓN</lan>
    <lan languageid="49">ACHTUNG</lan>
  </text>
  <text id="97" textid="DlgConnectedToServer" note="">
    <lan languageid="1">Connected to server.</lan>
    <lan languageid="7">Подключились к серверу.</lan>
    <lan languageid="33">Connecté à un serveur.</lan>
    <lan languageid="34">Conectado al servidor.</lan>
    <lan languageid="49">Mit Server verbunden.</lan>
  </text>
  <text id="98" textid="DlgNoFoundMACAddress" note="">
    <lan languageid="1">No found MAC-address</lan>
    <lan languageid="7">MAC-адрес не найден</lan>
    <lan languageid="33">Aucune adresse MAC trouvée</lan>
    <lan languageid="34">No se encuentra la dirección MAC</lan>
    <lan languageid="49">MAC-Adresse kann nicht gefunden werden</lan>
  </text>
  <text id="99" textid="Retry" note="">
    <lan languageid="1">Retry</lan>
    <lan languageid="7">Повтор</lan>
    <lan languageid="33">Réessayer</lan>
    <lan languageid="34">Reintento</lan>
    <lan languageid="49">Erneut</lan>
  </text>
  <text id="100" textid="DlgCameraNotHaveSuitableResolution" note="">
    <lan languageid="1">Camera of your device does not have suitable resolution.</lan>
    <lan languageid="7">Камера вашего вашего устройства не имеет подходящее разрешение.</lan>
    <lan languageid="33">La caméra de votre appareil n'a pas de résolution appropriée.</lan>
    <lan languageid="34">La cámara de su dispositivo no tiene una resolución adecuada.</lan>
    <lan languageid="49">Die Kamera auf Ihrem Geraet kann nicht eingestellt werden.</lan>
  </text>
  <text id="101" textid="Autorun" note="">
    <lan languageid="1">Run automatically at startup Windows</lan>
    <lan languageid="7">Запускать вместе с Windows</lan>
    <lan languageid="33">Exécuter automatiquement au démarrage de Windows</lan>
    <lan languageid="34">Ejecutar automáticamente al inicio de Windows</lan>
    <lan languageid="49">App starten wenn Windows startet</lan>
  </text>
  <text id="102" textid="DlgAutorun" note="">
    <lan languageid="1">Probably this software run from zip-folder. First unzip.</lan>
    <lan languageid="7">Вероятно, программа запущена из архива. Пожалуйста, сначала извлеките ее.</lan>
    <lan languageid="33">Probablement ce logiciel fonctionne à partir du dossier zip. Décompressez d'abord.</lan>
    <lan languageid="34">Probablemente este software se ejecute desde zip-carpeta. Primero descomprima.</lan>
    <lan languageid="49">Warscheinlich ist diese Software von einem Zip-Ordner gestartet. Bitte erst unzip.</lan>
  </text>
  <text id="103" textid="DlgDoYouLikeBarcodeToPCScanner" note="">
    <lan languageid="1">Do you like Barcode to PC Scanner?</lan>
    <lan languageid="7">Нравится Barcode to PC Scanner?</lan>
    <lan languageid="33">Aimez-vous Barcode to PC Scanner?</lan>
    <lan languageid="34">¿Te gusta el escáner de código de barras para PC?</lan>
    <lan languageid="49">Wie gefaehlt Ihnen Barcode to PC Scanner?</lan>
  </text>
  <text id="104" textid="DlgRateUsInGooglePlay" note="">
    <lan languageid="1">Rate us in Google Play</lan>
    <lan languageid="7">Оцените нас в Google Play</lan>
    <lan languageid="33">Évaluez - nous dans Google Play</lan>
    <lan languageid="34">Nos califica en Google Play</lan>
    <lan languageid="49">Bewerten Sie uns in Google Play</lan>
  </text>
  <text id="105" textid="Rate" note="">
    <lan languageid="1">Rate</lan>
    <lan languageid="7">Оценить</lan>
    <lan languageid="33">Taux</lan>
    <lan languageid="34">Tasa</lan>
    <lan languageid="49">Bewerten</lan>
  </text>
  <text id="106" textid="Later" note="">
    <lan languageid="1">Later</lan>
    <lan languageid="7">Позже</lan>
    <lan languageid="33">Tard</lan>
    <lan languageid="34">Tarde</lan>
    <lan languageid="49">Spaeter fragen</lan>
  </text>
  <text id="107" textid="Never" note="">
    <lan languageid="1">Never</lan>
    <lan languageid="7">Никогда</lan>
    <lan languageid="33">Jamais</lan>
    <lan languageid="34">Nunca</lan>
    <lan languageid="49">Nie fragen</lan>
  </text>
</list>
